{
    "firewall": {
        "1": 280,
        "2": 310,
        "3": 340,
        "4": 380,
        "5": 420,
        "6": 470,
        "7": 520,
        "8": 580,
        "9": 640,
        "10": 710,
        "11": 790,
        "12": 875,
        "13": 970,
        "14": 1080,
        "15": 1200,
        "16": 1330,
        "17": 1475,
        "18": 1635,
        "19": 1815,
        "20": 2015,
        "21": 2230
    },
    "firewallRegeneration": 1,
    "isAStructure": 1
}