{
    "DPS": {
        "1": 15,
        "2": 17,
        "3": 19,
        "4": 22,
        "5": 25,
        "6": 28,
        "7": 31,
        "8": 36,
        "9": 40,
        "10": 45,
        "11": 51,
        "12": 58,
        "13": 65,
        "14": 74,
        "15": 83,
        "16": 94,
        "17": 106,
        "18": 121,
        "19": 135,
        "20": 153,
        "21": 173
    },
    "compilationPrice":{
        "1": 1,
        "2": 2,
        "3": 4,
        "4": 6,
        "5": 8,
        "6": 10,
        "7": 12,
        "8": 14,
        "9": 16,
        "10": 18,
        "11": 20,
        "12": 22,
        "13": 24,
        "14": 26,
        "15": 28,
        "16": 30,
        "17": 34,
        "18": 38,
        "19": 42,
        "20": 46,
        "21": 50
    },
    "compilationTime": 20,
    "diskSpace": 1,
    "installTime": 1,
    "hitInterval": 0.1,
    "projectileTime": 0,
    "isAStructure": 0,
    "isMulti": 1
}