{
    "DPS": {
        "1": 45,
        "2": 52,
        "3": 59,
        "4": 68,
        "5": 78,
        "6": 89,
        "7": 102,
        "8": 116,
        "9": 133,
        "10": 152,
        "11": 174,
        "12": 200,
        "13": 229,
        "14": 262,
        "15": 300,
        "16": 343,
        "17": 393,
        "18": 450,
        "19": 515,
        "20": 590,
        "21": 675
    },
    "compilationPrice":{
        "1": 20,
        "2": 30,
        "3": 40,
        "4": 50,
        "5": 60,
        "6": 70,
        "7": 80,
        "8": 100,
        "9": 120,
        "10": 140,
        "11": 160,
        "12": 180,
        "13": 200,
        "14": 220,
        "15": 250,
        "16": 280,
        "17": 300,
        "18": 350,
        "19": 400,
        "20": 450,
        "21": 500
    },
    "compilationTime": 360,
    "diskSpace":6,
    "installTime": 5,
    "hitInterval": 3.5,
    "projectileTime": 3.0,
    "isAStructure": 0,
    "isMulti": 1
}
