{
	"firewall": {
		"1": 300,	 
		"2": 320,
		"3": 365,	 
		"4": 400,	
		"5": 440,	 
		"6": 485, 
		"7": 530, 
		"8": 585, 
		"9": 645,	 
		"10": 710,	 
		"11": 780,	 
		"12": 855,	 
		"13": 940,
        "14": 1035,
        "15": 1140,
        "16": 1255,
        "17": 1380,
        "18": 1515,
        "19": 1670,
        "20": 1835,
        "21": 2020
    },
	"filter": {
		"1": 75, 
		"2": 76,
		"3": 77, 
		"4": 78, 
		"5": 79, 
		"6": 80, 
		"7": 81, 
		"8": 82, 
		"9": 83, 
		"10": 84, 
		"11": 85,
		"12": 86, 
		"13": 87,
        "14": 88,
        "15": 89,
        "16": 90,
        "17": 91,
        "18": 92,
        "19": 93,
        "20": 94,
        "21": 95
    },
	"firewallRegeneration": 2,
	"isAStructure": 1
	
}