{
    "firewall": {
        "1": 250,
        "2": 280,
        "3": 310,
        "4": 340,
        "5": 380,
        "6": 420,
        "7": 470,
        "8": 520,
        "9": 580,
        "10": 640,
        "11": 710,
        "12": 790,
        "13": 875,
        "14": 970,
        "15": 1080,
        "16": 1200,
        "17": 1330,
        "18": 1475,
        "19": 1635,
        "20": 1815,
        "21": 2015
    },
    "firewallRegeneration": 1,
    "isAStructure": 1
}