{
    "firewall": {
        "1": 180,
        "2": 200,
        "3": 225,
        "4": 250,
        "5": 285,
        "6": 320,
        "7": 360,
        "8": 400,
        "9": 450,
        "10": 500,
        "11": 560,
        "12": 630,
        "13": 700,
        "14": 790,
        "15": 880,
        "16": 990,
        "17": 1100,
        "18": 1240,
        "19": 1380,
        "20": 1550,
        "21": 1740
    },
    "visibilityboost":{
        "1": 120,
        "2": 130,
        "3": 140,
        "4": 150,
        "5": 160,
        "6": 180,
        "7": 200,
        "8": 220,
        "9": 240,
        "10": 260,
        "11": 280,
        "12": 300,
        "13": 320,
        "14": 340,
        "15": 360,
        "16": 380,
        "17": 400,
        "18": 430,
        "19": 460,
        "20": 490,
        "21": 520
    },
    "firewallRegeneration": 1,
    "isAStructure": 1
}