{
    "firewall": {
        "1": 150,
        "2": 165,
        "3": 185,
        "4": 205,
        "5": 225,
        "6": 250,
        "7": 280,
        "8": 310,
        "9": 345,
        "10": 385,
        "11": 425,
        "12": 475,
        "13": 525,
        "14": 585,
        "15": 650,
        "16": 720,
        "17": 800,
        "18": 885,
        "19": 985,
        "20": 1100,
        "21": 1200
    },
    "firewallRegeneration": 2,
    "isAStructure": 1,
    "imageAddress": { 
        "1": "https://vignette.wikia.nocookie.net/hackersthegame/images/7/7f/Server_Farm_01.png/revision/latest?cb=20170208152329"
        }
}
