{
    "DPS": {
        "1": 11,
        "2": 13,
        "3": 15,
        "4": 17,
        "5": 19,
        "6": 22,
        "7": 25,
        "8": 28,
        "9": 32,
        "10": 37,
        "11": 42,
        "12": 48,
        "13": 55,
        "14": 63,
        "15": 71,
        "16": 81,
        "17": 93,
        "18": 106,
        "19": 121,
        "20": 137,
        "21": 157
    },
    "compilationPrice":{
        "1": 2,
        "2": 4,
        "3": 8,
        "4": 12,
        "5": 16,
        "6": 20,
        "7": 24,
        "8": 28,
        "9": 32,
        "10": 36,
        "11": 40,
        "12": 44,
        "13": 48,
        "14": 52,
        "15": 56,
        "16": 60,
        "17": 68,
        "18": 76,
        "19": 84,
        "20": 92,
        "21": 100
    },
    "compilationTime": 30,
    "diskSpace": 1,
    "installTime": 1,
    "hitInterval": 1,
    "projectileTime": 1.5,
    "isAStructure": 0,
    "isMulti": 1
}