{
    "firewall": {
        "1": 300,
        "2": 335,
        "3": 370,
        "4": 410,
        "5": 455,
        "6": 505,
        "7": 560,
        "8": 620,
        "9": 690,
        "10": 770,
        "11": 850,
        "12": 950,
        "13": 1050,
        "14": 1165,
        "15": 1300,
        "16": 1435,
        "17": 1595,
        "18": 1770,
        "19": 1960,
        "20": 2180,
        "21": 2420
    },
    "firewallRegeneration": 1,
    "isAStructure": 1
    "imageAddress":
}
